"id","name","value","created","modified"
"1","name","dubmillil","2018-03-24 19:56:01","2018-04-09 18:57:59"
"2","keyword","baser,CMS,コンテンツマネジメントシステム,開発支援","2018-03-24 19:56:01","2018-04-09 18:57:59"
"3","description","","2018-03-24 19:56:01","2018-04-09 18:57:59"
"4","address","福岡県","2018-03-24 19:56:01","2018-04-09 18:57:59"
"5","theme","dubmilli","2018-03-24 19:56:01","2018-04-09 11:24:30"
"6","email","","2018-03-24 19:56:01","2018-04-11 13:29:02"
"7","widget_area","","2018-03-24 19:56:01","2018-04-09 18:57:59"
"8","maintenance","0","2018-03-24 19:56:01","2018-04-09 18:57:59"
"9","mail_encode","UTF-8","2018-03-24 19:56:01","2018-04-09 18:57:59"
"10","smtp_host","","2018-03-24 19:56:01","2018-04-09 18:57:59"
"11","smtp_user","","2018-03-24 19:56:01","2018-04-09 18:57:59"
"12","smtp_password","","2018-03-24 19:56:01","2018-04-09 18:57:59"
"13","smtp_port","","2018-03-24 19:56:01","2018-04-09 18:57:59"
"14","formal_name","dubmilli","2018-03-24 19:56:01","2018-04-09 18:57:59"
"15","admin_list_num","10","2018-03-24 19:56:01","2018-04-09 18:57:59"
"16","google_analytics_id","","2018-03-24 19:56:01","2018-04-11 13:29:02"
"17","content_types","YTozOntzOjk6IuODluODreOCsCI7czo5OiLjg5bjg63jgrAiO3M6OToi44Oa44O844K4IjtzOjk6IuODmuODvOOCuCI7czo5OiLjg6Hjg7zjg6siO3M6OToi44Oh44O844OrIjt9","2018-03-24 19:56:01","2018-04-11 14:00:20"
"18","category_permission","","2018-03-24 19:56:01","2018-04-09 11:24:30"
"19","admin_theme","","2018-03-24 19:56:01","2018-04-09 11:24:30"
"20","login_credit","1","2018-03-24 19:56:01","2018-04-09 18:57:59"
"21","first_access","","2018-03-24 19:56:01","2018-04-11 13:29:02"
"22","editor","BcCkeditor","2018-03-24 19:56:01","2018-04-09 18:57:59"
"23","editor_styles","#青見出し
h3 {
color:Blue;
}
#赤見出し
h3 {
color:Red;
}
#黄マーカー
span {
background-color:Yellow;
}
#緑マーカー
span {
background-color:Lime;
}
#大文字
big {}
#小文字
small {}
#コード
code {}
#削除文
del {}
#挿入文
ins {}
#引用
cite {}
#インライン
q {}","2018-03-24 19:56:01","2018-04-09 18:57:59"
"24","editor_enter_br","0","2018-03-24 19:56:01","2018-04-09 18:57:59"
"25","admin_side_banner","1","2018-03-24 19:56:01","2018-04-09 18:57:59"
"26","smtp_tls","0","2018-03-24 19:56:01","2018-04-09 18:57:59"
"27","use_universal_analytics","1","2018-03-24 19:56:01","2018-04-09 18:57:59"
"28","google_maps_api_key","","2018-03-24 19:56:01","2018-04-09 18:57:59"
"29","main_site_display_name","パソコン","2018-03-24 19:56:01","2018-04-09 18:57:59"
"30","use_site_device_setting","0","2018-03-24 19:56:01","2018-04-09 18:57:59"
"31","use_site_lang_setting","0","2018-03-24 19:56:01","2018-04-09 18:57:59"
"33","contents_sort_last_modified","","2018-03-24 19:58:46","2018-04-11 18:34:02"
"34","version","","2018-04-11 13:29:02","2018-04-11 13:29:02"